WkiPage;WkiUrl;WkiMd5
454;"Consulter le grand livre";comptabilite/grand_livre;BE5A48D811E0795289BC5F1970F63CA0
455;"Popin : 321Consulter les journaux";/comptabilite/balance_comparative;CCBB833A83B08F9A15534A9CD48F8857
456;"Popin : Balance comparative";/comptabilite/balance_comparative;83D8D1316E5F1922CAE146511C2FB7AA
457;"Popin : Liste des mod?les de saisie guid";/comptabilite/modeles_saisie_guidee;C3E125265B8367ECFAC3E91F6B95D512
458;"Page : Saisir lettre ch?que";/comptabilite/lettrage_manuel;3A1A89FE26B826B2420533AF2F5DE291
459;"Page : Cr?er une ?criture p?riodique";/connexion;B42DC181437A885750B559FD76E672D3
460;"Popin : Informations dossiers";/webservices;A6DBBC4D935C76E0A83FA8087CA1562F
461;"Popin : Cr?ation d' un do1ssier";/adv;254A81AAA3ACDAE13E48AB9F9E6658F3
462;"Popin : Nombre d'utilisateurs Agence Collaborateur sinistre";/adv;20B351BFE8AC1412E4EFB061E84F81FC
463;"Page : Contre-passer une ?criture";/bureau;B54742452EA60F8C4E20236239583BAF
464;"Page : Contre-passer une ?criture";/bureau;B54742452EA60F8C4E20236239583BAF
465;"Page : Rechercher une ?criture";/bureau;C75206EFC5662007C2BB30963559ACF7
466;"Page : Tiers";/bureau;"Abeille Assurances"
467;"Page : Tiers";ttt;"Abeille Assurances"
468;"Page : Liste des dossiers";/comptabilite/azerty1211;9AF79290484A456AA13CD60B2A946EBA
